ECEBCB00-D9C8-11E4-AF3D-8CDCD426C973,HttpBootDxe
93B80004-9FB3-11D4-9A3A-0090273FC14D,PciBusDxe
9E863906-A40F-4875-977F-5B93FF237FC6,TerminalDxe
42857F0A-13F2-4B21-8A23-53D3F714B840,CapsuleRuntimeDxe
1B45CC0A-156A-428A-AF62-49864DA0E6E6,PEI apriori file
0170F60C-1D40-4651-956D-F0BD9879D527,Virtio10
58E26F0D-CBAC-4BBA-B70F-18221415665A,VirtioRngDxe
BDFE430E-8F2A-4DB0-9991-6F856594777E,EhciDxe
2366C20F-E15A-11E3-8BF1-E4115B28BC50,HttpDxe
52C05B14-0B98-496C-BC3B-04B50211D680,PeiCore
84EEA114-C6BE-4445-8F90-51D97863E363,CpuHotplugSmm
23CACE14-EBA4-49F6-9681-C697FF0B649E,VirtioSerialDxe
94734718-0BBC-47FB-96A5-EE7A5AE6A2AD,Dhcp4Dxe
F062221E-C607-44C2-B0B4-C3886331D351,TdTcg2Dxe
A5683620-7998-4BB2-A377-1C1E31E1E215,TcgDxe
462CAA21-7614-4503-836E-8AB6F4662331,UiApp
0A66E322-3740-4CCE-AD62-BD172CECCA35,ScsiDisk
86D70125-BAA3-4296-A62F-602BEBBB9081,DxeIpl
CCCB0C28-4B24-11D5-9A5A-0090273FC14D,GraphicsConsoleDxe
9622E42C-8E38-4A08-9E8F-54F784652F6B,AcpiTableDxe
1BA0062E-C779-4582-8566-336AE8F78F09,Volume Top File
C4D1F932-821F-4744-BF06-6D30F7730F8D,Ps2KeyboardDxe
33FB3535-F15E-4C17-B303-5EB94595ECB6,SmmLockBox
9D225237-FA01-464C-A949-BAABC02D31D0,StatusCodeHandlerPei
2EC9DA37-EE35-4DE9-86C5-6D9A81DC38A7,AmdSevDxe
83DD3B39-7CAF-4FAC-A542-E050B767E3A7,VirtioPciDeviceDxe
FDFF263D-5F68-4591-87BA-B768F445A9AF,Tcg2Dxe
AC95AD3D-4366-44BF-9A62-E4B29D7A2206,SmmAccess2Dxe
B219E140-DFFC-11E3-B956-0022681E6906,DnsDxe
A3610442-E69F-4DF3-82CA-2360C4031A23,ReportStatusCodeRouterPei
F9D88642-0737-49BC-81B5-6889CD57D9EA,SmbiosDxe
E2775B47-D453-4EE3-ADA7-391A1B05AC17,PciSioSerialDxe
E3752948-B9A1-4770-90C4-DF41C38986BE,QemuVideoDxe
470CB248-E8AC-473C-BB4F-81069A1FE6FD,SmmFaultTolerantWriteDxe
6D33944A-EC75-4855-A54D-809C75241F6C,BdsDxe
A92CDB4B-82F1-4E0B-A516-8A655D371524,VirtioNetDxe
E750224E-7BCE-40AF-B5BB-47E3611EB5C2,TdxDxe
7CA1024F-EB17-11E5-9DBA-28D2447C4829,TlsAuthConfigDxe
22EA234F-E72A-11E4-91F9-28D2447C4829,HttpUtilitiesDxe
F0E6A44F-7195-41C3-AC64-54F202CD0A21,SecureBootConfigDxe
9B3ADA4F-AE56-4C24-8DEA-F03B7558AE50,PcdPeim
47727552-A54B-4A84-8CC1-BFF23E239636,Tcg2PlatformPei
80CF7257-87AB-47F9-A3FE-D50B76D89541,PcdDxe
3B2A4E58-6F7C-4D91-A8B5-C2E0F3D71A9E,FirmwareSecvarUpdater
19DF145A-B1D4-453F-8507-38816676D7F6,AtaBusDxe
8657015B-EA43-440D-949A-AF3BE365C0FC,IoMmuDxe
4110465D-5FF3-4F4B-B580-24ED0D06747A,SmbiosPlatformDxe
348C4D62-BFBD-4882-9ECE-C80BB1C4783B,HiiDatabase
E4F61863-FE2C-4B56-A8F4-08519BC439DF,VlanConfigDxe
AAC33064-9ED0-4B89-A5AD-3EA767960B22,FaultTolerantWritePei
378D7B65-8DA9-4773-B6E4-A47826A833E1,PcRtc
1A7E4468-2F55-4A56-903C-01265EB7622B,TcpDxe
222C386D-5ABC-4FB4-B124-FBB82488ACF4,PlatformPei
17985E6F-E778-4D94-AEFA-C5DD2B77E186,QemuFwCfgAcpiPlatform
128FB770-5E79-4176-9E51-9BB268A17DD1,PciHostBridgeDxe
AD608272-D07F-4964-801E-7BD3B7888652,MonotonicCounterRuntimeDxe
C8339973-A563-4561-B858-D8476F9DEFC4,Metronome
A210F973-229D-4F4D-AA37-9895E6C9EABA,DpcDxe
B8E62775-BB0A-43F0-A843-5BE8B14F8CCD,BootGraphicsResourceTableDxe
A0C98B77-CBA5-4BB8-993B-4AF6CE33ECE4,Tcg2Pei
EBF8ED7C-0DD1-4787-84F1-F48D537DCACF,DriverHealthManagerDxe
D6A2CB7F-6A18-4E2F-B43B-9920A733700A,DxeCore
F099D67F-71AE-4C36-B2A3-DCEB0EB2B7D8,WatchdogTimer
E660EA85-058E-4B55-A54B-F02F83A24707,DisplayEngine
1A1E4886-9517-440E-9FDE-3BE44CEE2136,CpuDxe
F12F698A-E506-4A1B-B32E-6920E55DA1C4,TpmMmioSevDecryptPei
FA20568B-548B-4B2B-81EF-1BA08D4A3CEC,BootScriptExecutorDxe
8AD3148F-945F-46B4-8ACD-71469EA73945,Tcg2ConfigPei
34C8C28F-B61C-45A2-8F2E-89E46BECC63B,PeiVariable
B7F50E91-A759-412C-ADE4-DCD03E7F7C28,XhciDxe
529D3F93-E8E9-4E73-B1E1-BDF6A9D50113,ArpDxe
86CDDF93-4872-4597-8AF9-A35AE4D3725F,IScsiDxe
D6099B94-CD97-4CC5-8714-7F6312701A8A,VirtioGpuDxe
DCE1B094-7DC6-45D0-9FDD-D7FC3CC3E4EF,QemuRamfbDxe
52FE8196-F9DE-4D07-B22F-51F77A0E7C41,LocalApicTimerDxe
99F03B99-98D8-49DD-A8D3-3219D0FFE41E,Mtftp6Dxe
51CCF399-4FDF-4E55-A45B-E123F84D456A,ConPlatformDxe
95E3669D-34BE-4775-A651-7EA41B69D89E,Dhcp6Dxe
EDADEB9D-DDBA-48BD-9D22-C1C169C8C5C6,CpuMpPei
1FA1F39E-FEFF-4AAE-BD7B-38A070A3B609,PartitionDxe
2BE1E4A6-6505-43B3-9FFC-A3C8330E0432,TcgPei
9FB4B4A7-42C0-4BCD-8540-9BCC6711F83E,UsbMassStorageDxe
2E7DB7A7-608E-4041-B45F-00359E0766C6,FvbServicesSmm
864E1CA8-85EB-4D63-9DCC-6E0FC90FFD55,SioBusDxe
6D6963AB-906D-4A65-A7CA-BD40E5D6AF2B,Udp4Dxe
905F13B0-8F91-4B0A-BD76-E1E78F9422E4,UdfDxe
89E549B0-7CFE-449D-9BA3-10D8B2312D71,S3Resume2Pei
23A089B3-EED5-4AC5-B2AB-43E3298C2343,VariableSmm
5E523CB4-D397-4986-87BD-A6DD8B22F455,AtaAtapiPassThruDxe
6C0E75B4-B0B9-44D1-8210-3377D7B4E066,SmmAccessPei
6B38F7B4-AD98-40E9-9093-ACA2B5A253C4,DiskIoDxe
CD3BAFB6-50FB-4FE8-8E4E-AB74D2C1A600,EnglishDxe
240612B7-A063-11D4-9A3A-0090273FC14D,UsbBusDxe
DC3641B8-2FA8-4ED3-BC1F-F9962A03454B,Mtftp4Dxe
820C59BB-274C-43B2-83EA-DAC673035A59,SataController
BDCE85BB-FBAA-4F4E-9264-501A2C249581,S3SaveStateDxe
D912C7BC-F098-4367-92BA-E911083C7B0E,Udp6Dxe
3ACEB0C0-3C72-11E4-9A56-74D435052646,TlsDxe
280251C4-1D09-4035-9062-839ACB5F18C1,CpuMpPei
F6697AC4-A776-4EE1-B643-1FEFF2B615BB,IncompatiblePciDeviceSupportDxe
0167CCC4-D0F7-4F21-A3EF-9E64B7CDCE8B,ScsiBus
B601F8C4-43B7-4784-95B1-F4226CB40CEE,RuntimeDxe
6490F1C5-EBCC-4665-8892-0075B9BB49B7,CpuDxe
025BBFC7-E6A9-4B8B-82AD-6815A1AEAF4A,MnpDxe
4B28E4C7-FF36-4E10-93CF-A82159E777C5,ResetSystemRuntimeDxe
806040CA-DAD9-4978-A3B4-2D2AB0C8A48F,QemuKernelLoaderFsDxe
1206F7CA-A475-4624-A83E-E6FC9BB38E49,SmmControl2Dxe
5BEDB5CC-D830-4EB2-8742-2D4CC9B54F2C,Ip6Dxe
E94F54CD-81EB-47ED-AEC3-856F5DC157A9,PiSmmCore
9B680FCE-AD6B-4F3A-B60B-F59899003443,DevicePathDxe
2D2E62CF-9ECF-43B7-8219-94E7FC713DFE,UsbKbDxe
13AC6DD0-73D0-11D4-B06B-00AA00BD6DE7,EbcDxe
5CAB08D5-AD8F-4D8B-B828-D17A8D9FE977,Tcg2PlatformDxe
A47EE2D8-F60E-42FD-8E58-7BD65EE4C29B,CpuIo2Smm
D93CE3D8-A7EB-4730-8C8E-CC466A9ECC3C,ReportStatusCodeRouterRuntimeDxe
B95E9FDA-26DE-48D2-8807-1F9107AC5E3A,UefiPxeBcDxe
2FA2A6DA-11D5-4DC3-999A-749648B03C56,PiSmmIpl
9F7DCADE-11EA-448A-A46F-76E003657DD1,VariableSmmRuntimeDxe
D9DCC5DF-4007-435E-9098-8970935504B2,PlatformDxe
FC510EE7-FFDC-11D4-BD41-0080C73C8881,DXE apriori file
A19B1FE7-C1BC-49F8-875F-54A5D542443F,CpuIo2Dxe
F80697E9-7FD6-4665-8646-88E33EF71DFC,SecurityStubDxe
A2F436EA-A127-4EF8-957C-8048606FF670,SnpDxe
408EDCEC-CF6D-477C-A5A8-B4844E3DE281,ConSplitterDxe
F74D20EE-37E7-48FC-97F7-9B1047749C69,LogoDxe
6C2004EF-4E0E-4BE4-B14C-340EB4AA5891,StatusCodeHandlerRuntimeDxe
4D9CBEF0-15A0-4D0C-83DB-5213E710C23F,Tcg2ConfigDxe
9FB1A1F3-3B71-4324-B39A-745CBB015FFF,Ip4Dxe
28A03FF4-12B3-4305-A417-BB1A4F94081E,RamDiskDxe
5BE3BDF4-53CF-46A3-A6A9-73C34A6E5EE3,NvmExpressDxe
FAB5D4F4-83C0-4AAF-8480-442D11DF6CEA,VirtioScsiDxe
A3FF0EF5-0C28-42F5-B544-8C7DE1E80014,PiSmmCpuDxeSmm
DF1CCEF6-F301-4A63-9661-FC6030DCC880,SecMain
11A6EDF6-A9BE-426D-A6CC-B22FE51D9224,PciHotPlugInitDxe
7BD9DDF7-8B83-488E-AEC9-24C78610289C,VirtioFsDxe
2FB92EFA-2EE0-4BAE-9EB6-7464125E1EF7,UhciDxe
11D92DFB-3CA9-4F93-BA2E-4780ED3E03B5,VirtioBlkDxe
229B7EFD-DA02-46B9-93F4-E20C009F94E9,CpuS3DataDxe
EBF342FE-B1D3-4EF8-957C-8048606FF671,SetupBrowser
961578FE-B6B7-44C3-AF35-6BC705CD2B1F,Fat
